,Image_id,blast,brown,healthy
0,id_00vl5wvxq3.jpg,1.0,0.0,0.0
1,id_01hu05mtch.jpg,0.24,0.74,0.01
2,id_030ln10ewn.jpg,0.76,0.06,0.18
3,id_03z57m8xht.jpg,0.99,0.0,0.01
4,id_04ngep1w4b.jpg,1.0,0.0,0.0
5,id_050c6jzczt.jpg,0.93,0.07,0.0
6,id_062s7kr3jp.jpg,0.99,0.01,0.01
7,id_066v0v19bm.jpg,0.97,0.02,0.01
8,id_07v2dwvq17.jpg,0.97,0.01,0.02
9,id_084yoijkju.jpg,0.21,0.0,0.79
10,id_089nmtd1v0.jpg,0.88,0.08,0.04
11,id_0ane7k90m0.jpg,0.8,0.0,0.19
12,id_0e7wk9uzq3.jpg,1.0,0.0,0.0
13,id_0f43lwh2ve.jpg,0.03,0.82,0.15
14,id_0gutmn510g.jpg,0.03,0.03,0.94
15,id_0ivqysjaf3.jpg,0.9,0.07,0.03
16,id_0jv00ddllp.jpg,1.0,0.0,0.0
17,id_0jvgjlu6db.jpg,0.99,0.01,0.0
18,id_0kb1k9p3ox.jpg,0.75,0.22,0.02
19,id_0ptdk3a5vq.jpg,0.33,0.49,0.18
20,id_0r2hdgahag.jpg,0.12,0.03,0.85
21,id_0rye0m9k8n.jpg,0.19,0.63,0.18
22,id_0s71zmqgab.jpg,0.0,0.05,0.95
23,id_0s8jfre56d.jpg,1.0,0.0,0.0
24,id_0s8p3xe7ox.jpg,0.27,0.56,0.18
25,id_0sfi1usm7o.jpg,0.38,0.55,0.07
26,id_0sj2nj0iv8.jpg,0.12,0.71,0.17
27,id_0sk77pcna4.jpg,0.24,0.74,0.01
28,id_0u5yyljlni.jpg,0.0,1.0,0.0
29,id_0wmuruj6vc.jpg,1.0,0.0,0.0
30,id_0x8ufanyyl.jpg,0.99,0.01,0.0
31,id_0zmihf5mrh.jpg,0.02,0.97,0.01
32,id_102rthzp5d.jpg,0.99,0.01,0.0
33,id_10jv6d35ge.jpg,0.97,0.02,0.0
34,id_10wvvleobw.jpg,0.61,0.36,0.03
35,id_12exehmn04.jpg,0.94,0.01,0.05
36,id_12sbto2xb5.jpg,0.63,0.0,0.36
37,id_15kgdxivta.jpg,0.96,0.01,0.03
38,id_16cw42588b.jpg,0.02,0.94,0.05
39,id_172v32sjrd.jpg,0.04,0.46,0.51
40,id_185nae1uwe.jpg,0.99,0.0,0.01
41,id_18dbof864z.jpg,0.79,0.0,0.21
42,id_18gc0uojou.jpg,0.06,0.86,0.08
43,id_18tvychr6u.jpg,0.02,0.22,0.76
44,id_1abk7wnlia.jpg,0.73,0.26,0.01
45,id_1b75oukcu7.jpg,0.4,0.4,0.19
46,id_1biitp0gbc.jpg,0.18,0.59,0.23
47,id_1bwteyjgef.jpg,0.97,0.01,0.03
48,id_1cgkf5k10j.jpg,0.82,0.04,0.14
49,id_1faueyfqyx.jpg,0.01,0.32,0.67
50,id_1gkr07e0kd.jpg,1.0,0.0,0.0
51,id_1gn0og83mi.jpg,0.95,0.03,0.02
52,id_1gxrc02que.jpg,0.01,0.78,0.21
53,id_1i4c79c9ji.jpg,1.0,0.0,0.0
54,id_1i5v2j4sax.jpg,0.04,0.78,0.18
55,id_1j1edjfd4f.jpg,0.63,0.24,0.13
56,id_1jex1cbzqz.jpg,0.86,0.12,0.01
57,id_1jklgpd8d6.jpg,0.69,0.31,0.0
58,id_1krj65y404.jpg,0.84,0.12,0.03
59,id_1m6n769g91.jpg,0.99,0.01,0.0
60,id_1nfivdxg3k.jpg,0.63,0.3,0.07
61,id_1nrkalt5m2.jpg,0.21,0.53,0.26
62,id_1p26yf26ad.jpg,0.78,0.0,0.22
63,id_1phhaetwp0.jpg,0.53,0.46,0.01
64,id_1q5254vwyn.jpg,0.89,0.1,0.01
65,id_1s51xf1hzi.jpg,0.0,0.1,0.9
66,id_1sju9mce8x.jpg,0.16,0.84,0.0
67,id_1sobp25gqr.jpg,0.86,0.12,0.02
68,id_1tajvlo77s.jpg,0.66,0.19,0.15
69,id_1uoy9y28ci.jpg,0.07,0.12,0.81
70,id_1w1zx50ks3.jpg,1.0,0.0,0.0
71,id_1wkzflxkh6.jpg,0.99,0.01,0.0
72,id_1xohzz86kf.jpg,1.0,0.0,0.0
73,id_1y0zncmgqb.jpg,0.16,0.68,0.17
74,id_1y37qz4ry0.jpg,1.0,0.0,0.0
75,id_1yrozih525.jpg,0.72,0.11,0.18
76,id_1yzlxwmbtw.jpg,0.23,0.76,0.01
77,id_1zyv1iq9ke.jpg,0.75,0.21,0.03
78,id_202qmgptos.jpg,0.93,0.06,0.01
79,id_20jy1dng9w.jpg,0.93,0.07,0.0
80,id_20lxhltxfh.jpg,0.32,0.61,0.06
81,id_222sm7fvpz.jpg,0.13,0.8,0.07
82,id_22xrmf5o43.jpg,1.0,0.0,0.0
83,id_23frz85y4q.jpg,0.83,0.03,0.15
84,id_2429vw33is.jpg,0.23,0.29,0.48
85,id_244q5yfpok.jpg,1.0,0.0,0.0
86,id_25b366alwi.jpg,0.04,0.05,0.92
87,id_2634btzlwa.jpg,0.03,0.08,0.89
88,id_29147ujazi.jpg,1.0,0.0,0.0
89,id_29ua75zqlo.jpg,0.01,0.91,0.08
90,id_2btc6aaiul.jpg,0.35,0.11,0.55
91,id_2dc984fdle.jpg,0.1,0.49,0.41
92,id_2e6287ty0v.jpg,0.81,0.18,0.0
93,id_2f0o0mfu1g.jpg,1.0,0.0,0.0
94,id_2fljyfm5he.jpg,0.91,0.05,0.03
95,id_2ifmsk6xpl.jpg,0.48,0.23,0.29
96,id_2ku67cg3ud.jpg,0.99,0.0,0.0
97,id_2nmj22clly.jpg,0.0,0.02,0.98
98,id_2o6mpuqjj6.jpg,0.88,0.09,0.03
99,id_2pybialww7.jpg,1.0,0.0,0.0
100,id_2q6g4ubcn3.jpg,0.91,0.07,0.02
101,id_2uahvm6nlz.jpg,0.58,0.2,0.23
102,id_2y87y866kh.jpg,0.3,0.7,0.0
103,id_2z9iw7acwj.jpg,0.3,0.26,0.44
104,id_321v8nul8r.jpg,0.99,0.0,0.01
105,id_32dfq1f0fz.jpg,0.87,0.12,0.0
106,id_349dssqmyx.jpg,0.04,0.28,0.68
107,id_3501x49zk6.jpg,0.78,0.11,0.11
108,id_35n9wtfzvj.jpg,0.99,0.0,0.01
109,id_37dlaohacg.jpg,0.76,0.01,0.23
110,id_38fgveupp6.jpg,0.16,0.48,0.36
111,id_393toqusi5.jpg,0.99,0.0,0.0
112,id_398iuyjuiw.jpg,0.91,0.08,0.01
113,id_3aw1x3lp00.jpg,0.9,0.08,0.02
114,id_3azjbcsaoz.jpg,0.99,0.0,0.0
115,id_3b3ittba4m.jpg,0.98,0.02,0.0
116,id_3bpvokar6a.jpg,0.0,0.0,0.99
117,id_3bzlx5zdtc.jpg,0.66,0.16,0.18
118,id_3eis2hodjf.jpg,0.77,0.17,0.06
119,id_3erzt7e8go.jpg,0.02,0.35,0.63
120,id_3ffiga0dbm.jpg,0.1,0.75,0.15
121,id_3hax4hkblt.jpg,1.0,0.0,0.0
122,id_3hb0jpd195.jpg,0.99,0.0,0.0
123,id_3k3bngsb0x.jpg,0.7,0.11,0.19
124,id_3o0cliy66y.jpg,0.38,0.04,0.58
125,id_3oz6lfl9zh.jpg,0.36,0.29,0.34
126,id_3pxyuwfequ.jpg,0.95,0.03,0.02
127,id_3q19pe5ap7.jpg,0.76,0.19,0.05
128,id_3u167skcbr.jpg,0.99,0.0,0.01
129,id_3u678if5sa.jpg,0.55,0.45,0.0
130,id_3utzbj8iwy.jpg,0.87,0.13,0.0
131,id_3v9lrv6wd1.jpg,0.39,0.26,0.35
132,id_3xxa7ein98.jpg,0.29,0.6,0.11
133,id_3yzntalbvj.jpg,1.0,0.0,0.0
134,id_3zpci62t81.jpg,0.08,0.83,0.09
135,id_3zr7d0lxtp.jpg,0.98,0.01,0.01
136,id_40tq9ldy97.jpg,1.0,0.0,0.0
137,id_40x5h1zs7z.jpg,0.01,0.2,0.79
138,id_4227oe5rcg.jpg,0.9,0.0,0.1
139,id_42eimytwax.jpg,0.37,0.28,0.35
140,id_46tn6xbbos.jpg,0.75,0.2,0.04
141,id_46xhul3ffj.jpg,0.91,0.01,0.08
142,id_497layo6y6.jpg,1.0,0.0,0.0
143,id_4b2kzejrzs.jpg,0.06,0.75,0.18
144,id_4c0y67btx0.jpg,1.0,0.0,0.0
145,id_4c5fsx9t1g.jpg,0.99,0.01,0.0
146,id_4e4hrr1doy.jpg,0.33,0.66,0.02
147,id_4eokhx4xmu.jpg,0.56,0.24,0.19
148,id_4eqly7ghcb.jpg,1.0,0.0,0.0
149,id_4eyre09j24.jpg,0.13,0.6,0.27
150,id_4ghoez8b3q.jpg,0.07,0.6,0.33
151,id_4hojjs1sqk.jpg,0.17,0.68,0.15
152,id_4i6zcdrwkr.jpg,0.09,0.72,0.19
153,id_4jmwaj5c0z.jpg,0.24,0.63,0.12
154,id_4lowhbx63p.jpg,0.23,0.45,0.31
155,id_4nvv0xethp.jpg,0.92,0.08,0.0
156,id_4p09jwrfcd.jpg,0.65,0.05,0.3
157,id_4pa7clavwn.jpg,1.0,0.0,0.0
158,id_4rnqd1qmsb.jpg,0.59,0.24,0.17
159,id_4t04covpzf.jpg,0.41,0.42,0.17
160,id_4vcmk255mj.jpg,0.02,0.83,0.14
161,id_4veqvgf276.jpg,0.49,0.06,0.46
162,id_4xqyedo4gz.jpg,0.98,0.0,0.01
163,id_4yrf1ograd.jpg,0.08,0.03,0.89
164,id_4zusywq1cj.jpg,0.99,0.0,0.0
165,id_50uwy9lssr.jpg,1.0,0.0,0.0
166,id_510uss2kx6.jpg,0.99,0.0,0.01
167,id_566s519h3g.jpg,0.0,0.0,1.0
168,id_56ig1njq37.jpg,0.98,0.0,0.02
169,id_584lgxnpb7.jpg,1.0,0.0,0.0
170,id_58jg1k3s5r.jpg,0.93,0.0,0.07
171,id_5c0o7whkhv.jpg,0.06,0.78,0.16
172,id_5eilypqfff.jpg,0.02,0.41,0.57
173,id_5f20all309.jpg,0.45,0.5,0.06
174,id_5gn6rtfftv.jpg,0.99,0.01,0.0
175,id_5gz27g2s4l.jpg,0.89,0.11,0.01
176,id_5ixtcjsmuz.jpg,0.96,0.03,0.01
177,id_5k7qvp9fhc.jpg,0.01,0.74,0.25
178,id_5k7vfi0zc5.jpg,0.75,0.02,0.23
179,id_5lo7l0y0vb.jpg,0.88,0.1,0.01
180,id_5lxm7mcsj2.jpg,0.34,0.49,0.17
181,id_5nkfatffwe.jpg,0.69,0.04,0.27
182,id_5vqbqpw7qn.jpg,0.02,0.73,0.25
183,id_5w2fpqgby8.jpg,0.08,0.88,0.04
184,id_5wcv5ugwhx.jpg,0.04,0.32,0.64
185,id_5ylgl2empi.jpg,0.8,0.0,0.2
186,id_60qaklh3mk.jpg,0.3,0.68,0.02
187,id_61cw521nxd.jpg,0.03,0.95,0.02
188,id_63btdfqcnj.jpg,0.45,0.18,0.37
189,id_63pslknc7r.jpg,0.8,0.05,0.15
190,id_63x62yn6ve.jpg,0.13,0.28,0.59
191,id_648d4t1un5.jpg,0.79,0.0,0.2
192,id_64a66iflbg.jpg,0.9,0.09,0.0
193,id_64xo3an59r.jpg,0.65,0.27,0.08
194,id_6579czllj5.jpg,0.68,0.2,0.13
195,id_65fiexheye.jpg,0.16,0.8,0.04
196,id_65igspysof.jpg,0.65,0.02,0.33
197,id_66bnbmp7o7.jpg,0.99,0.0,0.0
198,id_66m9y7ilsm.jpg,0.48,0.02,0.5
199,id_6bkgvuphbg.jpg,0.25,0.59,0.16
200,id_6bypvyv5vv.jpg,0.15,0.81,0.04
201,id_6c5hxxj9py.jpg,0.58,0.21,0.22
202,id_6eo3wokp04.jpg,0.85,0.01,0.14
203,id_6g7fz3ndtp.jpg,1.0,0.0,0.0
204,id_6jcwemyxc9.jpg,0.77,0.22,0.0
205,id_6jkdvdcvp3.jpg,0.01,0.01,0.98
206,id_6luuayw4ih.jpg,0.32,0.62,0.06
207,id_6mz1zd20su.jpg,0.03,0.17,0.8
208,id_6olr26yprl.jpg,0.3,0.29,0.41
209,id_6ovjv98pi2.jpg,0.13,0.87,0.0
210,id_6r3skclu2k.jpg,0.22,0.0,0.78
211,id_6r8f1xh0cc.jpg,0.14,0.82,0.05
212,id_6rn80ow9sl.jpg,0.84,0.02,0.14
213,id_6rpous9krp.jpg,0.09,0.02,0.89
214,id_6tjot777fk.jpg,0.94,0.06,0.0
215,id_6u4wgjbt95.jpg,0.87,0.05,0.08
216,id_6vk6psro5s.jpg,0.9,0.02,0.09
217,id_6z1bp84py1.jpg,0.22,0.75,0.02
218,id_700mwvc0vx.jpg,0.37,0.59,0.04
219,id_70oj3rugky.jpg,0.08,0.91,0.01
220,id_70qqvj0pii.jpg,1.0,0.0,0.0
221,id_712bjojv2s.jpg,0.44,0.17,0.39
222,id_7287yu0tkw.jpg,1.0,0.0,0.0
223,id_72ky4xkvsp.jpg,0.86,0.11,0.03
224,id_72zw6mjvgo.jpg,0.61,0.32,0.07
225,id_73a9naiehr.jpg,0.23,0.53,0.25
226,id_74359q2hrc.jpg,0.33,0.24,0.43
227,id_74gu2zkoxj.jpg,0.89,0.11,0.0
228,id_74i7knnaa6.jpg,0.24,0.76,0.0
229,id_74qvz0t4fy.jpg,0.64,0.36,0.0
230,id_74zd0jtvso.jpg,0.77,0.16,0.07
231,id_75pre3joob.jpg,0.87,0.13,0.0
232,id_75vovkuer9.jpg,0.91,0.07,0.01
233,id_77ijc7wa3j.jpg,0.9,0.09,0.01
234,id_78v1qy0me7.jpg,0.1,0.0,0.9
235,id_792bgr58xm.jpg,0.0,0.01,0.99
236,id_7966xv6p5i.jpg,0.96,0.04,0.01
237,id_7b4zf930o7.jpg,0.0,0.89,0.11
238,id_7dx69pxq4g.jpg,0.99,0.0,0.01
239,id_7eso2apebc.jpg,0.85,0.07,0.08
240,id_7gs7jffsdm.jpg,1.0,0.0,0.0
241,id_7htglor42s.jpg,0.61,0.21,0.18
242,id_7ivw1rdt60.jpg,0.33,0.49,0.18
243,id_7j622hnfcq.jpg,0.99,0.0,0.0
244,id_7l69draumk.jpg,0.98,0.0,0.02
245,id_7mbzttiyjx.jpg,0.25,0.02,0.72
246,id_7mjwvizaz4.jpg,0.98,0.01,0.02
247,id_7nt5ym1rab.jpg,0.99,0.01,0.0
248,id_7nuvwqoznc.jpg,0.69,0.23,0.08
249,id_7ox9hfrp2p.jpg,0.69,0.31,0.0
250,id_7piya8u1a5.jpg,0.73,0.1,0.17
251,id_7qfre8d4gx.jpg,0.0,0.33,0.67
252,id_7r73s15wdu.jpg,0.86,0.14,0.0
253,id_7rkfw0pgej.jpg,0.06,0.02,0.91
254,id_7sseaeewuh.jpg,0.27,0.64,0.09
255,id_7suxzhgr6k.jpg,0.99,0.01,0.0
256,id_7t4t4nuo1y.jpg,0.91,0.08,0.0
257,id_7troz2ms9w.jpg,0.56,0.42,0.03
258,id_7urr8falap.jpg,0.99,0.0,0.0
259,id_7wqwcmi8rt.jpg,0.53,0.28,0.19
260,id_7wukxcmpbd.jpg,1.0,0.0,0.0
261,id_7wvj41qgu8.jpg,0.39,0.39,0.22
262,id_7y7kizouj3.jpg,0.94,0.05,0.01
263,id_7z7c7yav4z.jpg,0.88,0.11,0.01
264,id_7zso8x5txl.jpg,0.16,0.69,0.15
265,id_80uy76npvy.jpg,0.24,0.37,0.39
266,id_8285wr8lqi.jpg,0.14,0.85,0.0
267,id_856sqmfzwg.jpg,0.09,0.8,0.11
268,id_85x8auxsl3.jpg,0.99,0.01,0.0
269,id_890agl8zkx.jpg,0.31,0.57,0.12
270,id_8aximw3gbo.jpg,0.31,0.23,0.46
271,id_8c4pq31jju.jpg,0.76,0.21,0.03
272,id_8dbdn90bmg.jpg,0.6,0.12,0.28
273,id_8fbilb09da.jpg,0.96,0.01,0.03
274,id_8gyccu6fn0.jpg,0.62,0.38,0.0
275,id_8h2vdiwjnf.jpg,0.49,0.11,0.4
276,id_8i3h5j0qqd.jpg,1.0,0.0,0.0
277,id_8iwoos555d.jpg,0.89,0.05,0.07
278,id_8j9vk5ljpd.jpg,0.31,0.13,0.56
279,id_8jsjliuxmu.jpg,1.0,0.0,0.0
280,id_8kctxkxhml.jpg,0.13,0.4,0.46
281,id_8km8v0obx1.jpg,0.08,0.25,0.67
282,id_8l7f4q4tfu.jpg,1.0,0.0,0.0
283,id_8mja6ti650.jpg,0.02,0.98,0.0
284,id_8nlg2xb2is.jpg,0.93,0.07,0.0
285,id_8o5a4nezxp.jpg,0.94,0.04,0.02
286,id_8odmdfi7iz.jpg,0.06,0.5,0.44
287,id_8oeekx1062.jpg,0.54,0.22,0.24
288,id_8qcbpzadoy.jpg,0.65,0.25,0.1
289,id_8u35quh9ds.jpg,0.98,0.01,0.0
290,id_8u7pccetfi.jpg,0.39,0.21,0.4
291,id_8x569866pb.jpg,0.99,0.01,0.0
292,id_8xkrg1bywr.jpg,0.58,0.4,0.02
293,id_8ycgxgfq0k.jpg,0.99,0.01,0.0
294,id_8yrscp6yel.jpg,0.18,0.82,0.0
295,id_90e92xfixp.jpg,0.01,0.99,0.0
296,id_92arb6rtbu.jpg,0.14,0.31,0.55
297,id_947llr07l1.jpg,1.0,0.0,0.0
298,id_94ppy8gtdn.jpg,0.97,0.03,0.0
299,id_95b0liwdh6.jpg,0.11,0.0,0.89
300,id_95fcfcgs9d.jpg,0.08,0.12,0.81
301,id_97pniadwxs.jpg,0.01,0.92,0.07
302,id_9b0tkqic6c.jpg,0.75,0.25,0.0
303,id_9bayys139l.jpg,0.14,0.22,0.64
304,id_9bkxkg5uoy.jpg,0.78,0.2,0.02
305,id_9d8dhe83vo.jpg,0.99,0.0,0.01
306,id_9ds3juieb3.jpg,0.2,0.63,0.17
307,id_9f9ptfngd8.jpg,0.74,0.04,0.22
308,id_9h4oarnpqt.jpg,1.0,0.0,0.0
309,id_9jjb9023hu.jpg,0.89,0.04,0.07
310,id_9ld00xwmon.jpg,0.68,0.23,0.1
311,id_9llets503b.jpg,0.02,0.76,0.23
312,id_9m34n8cvbl.jpg,0.49,0.3,0.21
313,id_9mgzx3qt4q.jpg,1.0,0.0,0.0
314,id_9mv2eydufl.jpg,0.33,0.66,0.01
315,id_9rvnit4tfg.jpg,0.24,0.47,0.29
316,id_9ttxex3x1n.jpg,0.05,0.87,0.08
317,id_9tv6ronz0p.jpg,1.0,0.0,0.0
318,id_9u0y2bplx6.jpg,0.66,0.32,0.02
319,id_9ur6z0mqjz.jpg,0.03,0.97,0.0
320,id_9vblo6pawj.jpg,0.39,0.32,0.29
321,id_9w55e1oeq0.jpg,0.07,0.73,0.2
322,id_9w8geyv8cu.jpg,0.86,0.14,0.0
323,id_9wlo4kff0i.jpg,0.99,0.01,0.0
324,id_9x4ntjf2eh.jpg,0.02,0.01,0.97
325,id_9z91cgtyhs.jpg,0.07,0.87,0.06
326,id_9zrgq5uefl.jpg,0.75,0.1,0.15
327,id_a0ts2x3lsv.jpg,0.92,0.0,0.07
328,id_a1p9xlqr38.jpg,0.7,0.2,0.1
329,id_a1zi5dpo4s.jpg,0.96,0.01,0.03
330,id_a5eboqjxsk.jpg,0.91,0.0,0.09
331,id_a9m30sts7b.jpg,0.96,0.04,0.0
332,id_a9ry0a9y9q.jpg,0.86,0.13,0.01
333,id_abd0ket6gk.jpg,0.93,0.02,0.05
334,id_abfj1weg4d.jpg,0.12,0.88,0.0
335,id_act04m6s7j.jpg,0.32,0.1,0.58
336,id_adungoii3n.jpg,0.79,0.16,0.04
337,id_ah065qab4g.jpg,0.04,0.07,0.89
338,id_ahlsbyn84z.jpg,0.92,0.07,0.01
339,id_aj2mhyiljl.jpg,0.0,0.19,0.81
340,id_ajrr2ffz45.jpg,0.46,0.52,0.01
341,id_ak7by8s6xx.jpg,0.8,0.09,0.12
342,id_akgn1czug4.jpg,0.83,0.09,0.08
343,id_almuemp2a0.jpg,0.26,0.49,0.25
344,id_amrw6zrz3c.jpg,0.08,0.54,0.37
345,id_an9lszlckm.jpg,1.0,0.0,0.0
346,id_aoixbpjvvq.jpg,0.35,0.56,0.09
347,id_apl5hbz964.jpg,0.17,0.69,0.14
348,id_apmoqofvcn.jpg,0.84,0.08,0.08
349,id_aprrkmjoli.jpg,0.77,0.21,0.02
350,id_ark2usd7u8.jpg,0.71,0.26,0.04
351,id_arsg8nwnez.jpg,0.7,0.28,0.02
352,id_askxpsiynp.jpg,0.75,0.22,0.03
353,id_at5zd8zdot.jpg,0.63,0.01,0.37
354,id_au351ozt0u.jpg,0.04,0.08,0.88
355,id_aubznv8khr.jpg,0.04,0.34,0.63
356,id_avn1ejzmvs.jpg,0.06,0.78,0.15
357,id_avo9syteav.jpg,1.0,0.0,0.0
358,id_avp0xvzsef.jpg,0.76,0.02,0.22
359,id_avy4f1aml0.jpg,0.89,0.11,0.0
360,id_aw9y79nutx.jpg,0.73,0.18,0.08
361,id_axlte8dtxc.jpg,0.69,0.21,0.1
362,id_ay3hzdsf41.jpg,0.11,0.75,0.14
363,id_b15h3wr363.jpg,0.0,0.06,0.94
364,id_b19jeif9q2.jpg,0.13,0.82,0.05
365,id_b38ee2otk3.jpg,0.41,0.17,0.42
366,id_b4m778w81r.jpg,1.0,0.0,0.0
367,id_b5fn6xymr7.jpg,0.99,0.01,0.0
368,id_b68zqqxb16.jpg,0.58,0.1,0.32
369,id_b6guqa4jqp.jpg,0.81,0.18,0.0
370,id_b9l1y6pkri.jpg,0.84,0.02,0.14
371,id_bazikoi5h9.jpg,0.97,0.02,0.0
372,id_bb91jp6pg4.jpg,0.76,0.19,0.04
373,id_bc5p9me7ku.jpg,0.99,0.0,0.0
374,id_bce4iyojch.jpg,0.63,0.03,0.34
375,id_bekoxyehov.jpg,0.98,0.02,0.0
376,id_bgj44bvut4.jpg,0.78,0.2,0.01
377,id_bkrke3vo57.jpg,0.83,0.01,0.17
378,id_blscjxidu6.jpg,0.07,0.81,0.12
379,id_blx62wltrk.jpg,0.14,0.46,0.4
380,id_bmir6gcods.jpg,1.0,0.0,0.0
381,id_bmwp4rr84y.jpg,0.24,0.17,0.59
382,id_bnyrssm9kj.jpg,0.21,0.66,0.13
383,id_borot9b0dn.jpg,0.0,0.0,1.0
384,id_bouwtc3thv.jpg,0.98,0.02,0.0
385,id_bpy1vkc436.jpg,0.0,1.0,0.0
386,id_bq60p3aqo8.jpg,0.11,0.87,0.02
387,id_bs01v3crns.jpg,0.95,0.0,0.05
388,id_bs0rwp1kmc.jpg,0.34,0.23,0.42
389,id_btc44m5ven.jpg,0.77,0.04,0.2
390,id_btipo9ojnr.jpg,1.0,0.0,0.0
391,id_bucgp90ug4.jpg,0.16,0.65,0.2
392,id_bun8uetq9r.jpg,0.53,0.07,0.41
393,id_bx77h99p3j.jpg,0.02,0.05,0.93
394,id_bxgijj96cq.jpg,0.9,0.09,0.01
395,id_by3qnznp3v.jpg,0.3,0.29,0.42
396,id_bybbtlbxoo.jpg,0.41,0.27,0.32
397,id_byyn5oxwj8.jpg,0.74,0.08,0.18
398,id_c0atby9mg0.jpg,0.99,0.0,0.01
399,id_c0iobr5lyv.jpg,0.53,0.43,0.05
400,id_c30q46dzkg.jpg,0.93,0.01,0.06
401,id_c3p4zaeafj.jpg,0.77,0.22,0.0
402,id_c3x8zs9kh3.jpg,0.99,0.01,0.0
403,id_c6r902u1yc.jpg,0.26,0.73,0.01
404,id_c8ccb7p1ny.jpg,0.98,0.0,0.02
405,id_c8zqlaoscm.jpg,0.05,0.87,0.08
406,id_c996aefk2b.jpg,0.09,0.9,0.01
407,id_ca1ulb7phu.jpg,1.0,0.0,0.0
408,id_carqo16fzo.jpg,0.99,0.01,0.0
409,id_cbrq69l0b7.jpg,0.43,0.44,0.13
410,id_cc26n7gl0l.jpg,0.04,0.87,0.09
411,id_cdf888g19t.jpg,0.91,0.06,0.03
412,id_cdphzwxh66.jpg,0.73,0.18,0.09
413,id_cguvv909pj.jpg,0.24,0.73,0.03
414,id_cho3e7kmmf.jpg,1.0,0.0,0.0
415,id_chyxorazcg.jpg,0.33,0.67,0.0
416,id_cl2tro0krc.jpg,0.05,0.77,0.18
417,id_cmo5mn34bk.jpg,0.54,0.4,0.06
418,id_cmz1pqyyqa.jpg,0.49,0.44,0.07
419,id_cntxv782n4.jpg,0.35,0.31,0.34
420,id_cqbm5ybp7n.jpg,0.89,0.09,0.03
421,id_cr4pbofie3.jpg,0.96,0.04,0.0
422,id_cs7276ypgk.jpg,0.02,0.76,0.22
423,id_csvb9gfj1x.jpg,0.94,0.06,0.0
424,id_cvoa3cg9ts.jpg,1.0,0.0,0.0
425,id_cx1pdelwqg.jpg,0.96,0.0,0.04
426,id_cx89v8zdf5.jpg,0.8,0.2,0.0
427,id_cxbujzrztd.jpg,0.78,0.02,0.2
428,id_cyxg6svpq1.jpg,0.01,0.0,0.99
429,id_cyzjic2qj0.jpg,0.22,0.63,0.15
430,id_cz5uxriepb.jpg,0.89,0.07,0.04
431,id_d1gzo6e0hj.jpg,0.32,0.57,0.11
432,id_d2uwba98h4.jpg,0.44,0.5,0.06
433,id_d3cjyfbkie.jpg,0.12,0.08,0.8
434,id_d6qf53mzm2.jpg,0.43,0.0,0.57
435,id_d74qdjo8h9.jpg,0.11,0.0,0.88
436,id_d7c0hi3hwf.jpg,0.96,0.0,0.04
437,id_d9xcc459wg.jpg,0.5,0.0,0.5
438,id_daklqs117p.jpg,0.18,0.81,0.01
439,id_dblple11hr.jpg,0.72,0.27,0.01
440,id_ddmx12ft9u.jpg,0.02,0.97,0.01
441,id_ddrsh911b6.jpg,0.94,0.0,0.06
442,id_del50nmcl7.jpg,0.04,0.71,0.25
443,id_detmragq4s.jpg,1.0,0.0,0.0
444,id_di6wafk673.jpg,1.0,0.0,0.0
445,id_dibgx1qvt2.jpg,1.0,0.0,0.0
446,id_dj3f1qlo8i.jpg,0.97,0.02,0.01
447,id_djuswm9bh4.jpg,0.99,0.01,0.0
448,id_dkbp68fw0g.jpg,0.3,0.42,0.28
449,id_dmxy8ool65.jpg,0.3,0.44,0.26
450,id_dn8sz7kp6g.jpg,0.15,0.84,0.01
451,id_do5ngonibi.jpg,0.65,0.24,0.11
452,id_dqoccypgid.jpg,0.04,0.5,0.46
453,id_drqjqdgwbr.jpg,0.38,0.62,0.01
454,id_drx0i4qjoo.jpg,0.99,0.0,0.0
455,id_dsbrupm1cr.jpg,0.74,0.01,0.24
456,id_dswv82x2xn.jpg,0.0,1.0,0.0
457,id_dtkyk51t7d.jpg,0.59,0.29,0.12
458,id_duo0yh6v3g.jpg,0.92,0.03,0.05
459,id_dvcbb85xlr.jpg,0.96,0.02,0.01
460,id_dvr5tk922c.jpg,0.53,0.44,0.04
461,id_dvrwax0ptk.jpg,0.22,0.77,0.01
462,id_dz5g9suhtw.jpg,0.13,0.37,0.5
463,id_e0qlh51fu9.jpg,0.84,0.02,0.15
464,id_e1jrl8ckio.jpg,0.04,0.95,0.01
465,id_e1prlfbkna.jpg,0.0,0.94,0.05
466,id_e2b4bad2fs.jpg,0.15,0.55,0.3
467,id_e2cqw2vllh.jpg,0.93,0.02,0.05
468,id_e2rjq3xl4b.jpg,0.29,0.65,0.06
469,id_e4id92jojc.jpg,0.9,0.08,0.02
470,id_e5xd02ur86.jpg,0.5,0.08,0.42
471,id_e652ocdak4.jpg,1.0,0.0,0.0
472,id_e6k39e88b4.jpg,0.36,0.07,0.58
473,id_e7gc2uew96.jpg,0.72,0.16,0.12
474,id_e88h986b7j.jpg,0.41,0.53,0.06
475,id_e8vij3aomx.jpg,1.0,0.0,0.0
476,id_e9uh1mx5x6.jpg,0.61,0.34,0.05
477,id_ecvgtyw1zc.jpg,0.34,0.38,0.28
478,id_edfet6aiir.jpg,0.99,0.0,0.01
479,id_efcc8cqlws.jpg,0.01,0.32,0.66
480,id_efjpvf6ooh.jpg,0.24,0.04,0.72
481,id_eg1tfifjeq.jpg,0.02,0.62,0.35
482,id_egxnoy01ts.jpg,0.33,0.45,0.22
483,id_ei7966665t.jpg,0.15,0.01,0.85
484,id_eimc4saxzn.jpg,1.0,0.0,0.0
485,id_ejcg1mhr5c.jpg,0.05,0.86,0.08
486,id_el7ue70uej.jpg,0.96,0.0,0.04
487,id_emeryr8qky.jpg,0.54,0.39,0.08
488,id_enpt3c9mep.jpg,0.39,0.61,0.0
489,id_ep446lk61d.jpg,0.73,0.26,0.01
490,id_esdbbgwidn.jpg,0.02,0.21,0.77
491,id_etfht8f6a2.jpg,0.73,0.24,0.03
492,id_ewak96titm.jpg,0.98,0.02,0.0
493,id_exbcejid16.jpg,0.97,0.03,0.0
494,id_exx29m2f5j.jpg,0.6,0.4,0.0
495,id_exyqtbcoxl.jpg,0.7,0.08,0.22
496,id_eyen48qlhc.jpg,0.99,0.0,0.0
497,id_ezkj6zgrre.jpg,0.49,0.26,0.26
498,id_f0rirecsn9.jpg,0.18,0.0,0.82
499,id_f24poeux0q.jpg,0.43,0.53,0.04
500,id_f26ltr4l28.jpg,0.78,0.01,0.21
501,id_f3vj2zfokq.jpg,0.95,0.05,0.0
502,id_f47g7y9ot2.jpg,0.84,0.09,0.07
503,id_f4fi9o3le6.jpg,0.28,0.63,0.08
504,id_f5adctkdqm.jpg,0.4,0.59,0.01
505,id_f6337bv7g3.jpg,0.67,0.2,0.12
506,id_f6gpnjnflw.jpg,0.86,0.07,0.08
507,id_f7sd78r9w0.jpg,0.24,0.71,0.05
508,id_f7u2i6v3p1.jpg,0.58,0.14,0.28
509,id_f8omw0t1gf.jpg,0.8,0.1,0.1
510,id_f94x3kmvyu.jpg,0.95,0.04,0.01
511,id_f9wa31xwh0.jpg,0.62,0.01,0.37
512,id_f9xzi2577a.jpg,0.37,0.62,0.02
513,id_fae51s7h45.jpg,0.98,0.01,0.01
514,id_falxfhtpdw.jpg,0.51,0.02,0.47
515,id_fdal71yl52.jpg,0.16,0.43,0.4
516,id_ffs12vyhkw.jpg,0.14,0.18,0.68
517,id_fg13uzygdz.jpg,0.01,0.86,0.14
518,id_fgedgzq6ev.jpg,0.93,0.07,0.01
519,id_fi9cn5vrtj.jpg,0.54,0.26,0.2
520,id_fiqduhapcz.jpg,0.3,0.61,0.09
521,id_fj1r8bdghm.jpg,0.0,0.0,1.0
522,id_fj7md3zas2.jpg,0.98,0.01,0.01
523,id_fkkb5dcuig.jpg,0.99,0.0,0.0
524,id_fl3t3nfzml.jpg,0.02,0.04,0.94
525,id_fo95m3q1x7.jpg,0.32,0.05,0.62
526,id_fq6blx7mhi.jpg,0.01,0.29,0.69
527,id_fqj7ulkrw7.jpg,0.38,0.22,0.41
528,id_fqq8i9eaqq.jpg,0.33,0.36,0.31
529,id_fr37b0ekxk.jpg,0.01,0.97,0.02
530,id_fse2430d0l.jpg,0.96,0.01,0.03
531,id_fsybyty8h5.jpg,0.91,0.01,0.08
532,id_fusrwqj2hq.jpg,0.53,0.01,0.46
533,id_fvpfi4xmot.jpg,0.95,0.01,0.04
534,id_fxphky513b.jpg,0.86,0.12,0.01
535,id_fzpcrlzhul.jpg,0.3,0.02,0.68
536,id_g1eq7wvrt8.jpg,0.81,0.19,0.0
537,id_g3xn35cghp.jpg,0.86,0.09,0.06
538,id_g4ug9vqbd5.jpg,0.96,0.04,0.0
539,id_gb596fx9gc.jpg,0.33,0.42,0.25
540,id_gbmfakbcdl.jpg,0.12,0.82,0.06
541,id_gexbz8xbbp.jpg,0.0,0.81,0.19
542,id_gfg2gev6my.jpg,0.04,0.65,0.32
543,id_gfktmz0qeh.jpg,0.12,0.57,0.31
544,id_gjloe548h5.jpg,0.09,0.79,0.12
545,id_gkzx64iwyd.jpg,0.86,0.12,0.02
546,id_gmgxcrq2t7.jpg,1.0,0.0,0.0
547,id_gnl5bn3rn6.jpg,0.6,0.34,0.07
548,id_goucryjdwq.jpg,0.18,0.0,0.82
549,id_gp4vo6ez94.jpg,0.95,0.04,0.01
550,id_gq1466j51f.jpg,1.0,0.0,0.0
551,id_gqqyudghzn.jpg,0.95,0.05,0.0
552,id_gqwmw1xp1u.jpg,0.67,0.21,0.12
553,id_gsdskbip59.jpg,0.84,0.02,0.14
554,id_gse4bshs1a.jpg,0.07,0.17,0.77
555,id_gsplbfqt1e.jpg,0.86,0.03,0.11
556,id_gv448jdur1.jpg,0.88,0.09,0.03
557,id_h283ew9pks.jpg,0.01,0.16,0.84
558,id_h2i1p2cyli.jpg,0.99,0.01,0.0
559,id_h317b8qvv6.jpg,0.22,0.62,0.16
560,id_h35g3ky6pr.jpg,0.79,0.15,0.06
561,id_hc8iljg6yo.jpg,0.99,0.01,0.01
562,id_hcmn4gh7z6.jpg,0.99,0.01,0.0
563,id_hcsn3irehh.jpg,1.0,0.0,0.0
564,id_hfa3z6tgwk.jpg,0.58,0.25,0.17
565,id_hfe19yb7ej.jpg,0.4,0.31,0.29
566,id_hgdbjm7371.jpg,0.0,0.0,1.0
567,id_hi22zpzttf.jpg,0.96,0.0,0.04
568,id_higuw25bka.jpg,0.11,0.84,0.06
569,id_hiht8zpw6y.jpg,0.27,0.0,0.73
570,id_hni7m73rw2.jpg,0.37,0.59,0.04
571,id_hnqkt8oxu2.jpg,0.83,0.17,0.01
572,id_hoex385mr8.jpg,0.15,0.76,0.09
573,id_hrn0dpvzrd.jpg,0.04,0.34,0.62
574,id_hruzjdkra1.jpg,1.0,0.0,0.0
575,id_hssgsuxl0q.jpg,0.95,0.02,0.03
576,id_htx4azs6ls.jpg,0.96,0.0,0.04
577,id_hudg4kgstg.jpg,0.33,0.6,0.07
578,id_hup2etcyum.jpg,0.13,0.32,0.54
579,id_hwhrkqdxjz.jpg,0.62,0.33,0.05
580,id_hwm1vf4ddd.jpg,0.26,0.25,0.5
581,id_i1gmtoe1h9.jpg,0.08,0.77,0.14
582,id_i2sksjcifv.jpg,0.02,0.97,0.01
583,id_i3fsnogh5m.jpg,0.18,0.82,0.0
584,id_i4nn7mnpus.jpg,0.45,0.11,0.44
585,id_i5abphac7v.jpg,0.95,0.04,0.01
586,id_i6c9umw8sn.jpg,0.2,0.44,0.35
587,id_i6rzq0vi43.jpg,0.91,0.07,0.01
588,id_i81ayuiv6u.jpg,0.45,0.44,0.11
589,id_i8eoisybxv.jpg,0.53,0.25,0.23
590,id_ianx9b8tiy.jpg,0.85,0.0,0.14
591,id_iap17yol68.jpg,0.1,0.1,0.8
592,id_ibhb4afjv9.jpg,0.19,0.3,0.51
593,id_idptvpe36v.jpg,0.43,0.3,0.26
594,id_ifboregp9u.jpg,0.09,0.88,0.03
595,id_ifqwwkaiei.jpg,0.56,0.04,0.4
596,id_igdfxxyfsu.jpg,1.0,0.0,0.0
597,id_ih5nvehfkl.jpg,0.92,0.03,0.06
598,id_ii2y55xu9u.jpg,0.79,0.21,0.01
599,id_iihyl0w2dk.jpg,0.9,0.01,0.09
600,id_iizqm4nkxh.jpg,0.81,0.01,0.18
601,id_ikihlt6xjs.jpg,1.0,0.0,0.0
602,id_im66qymqnu.jpg,0.73,0.16,0.11
603,id_immgoa1u25.jpg,0.18,0.48,0.33
604,id_inoi7ud9bt.jpg,0.03,0.82,0.15
605,id_inox4crld4.jpg,0.03,0.83,0.14
606,id_ioeltwwdfm.jpg,0.8,0.12,0.08
607,id_iom63fwkpf.jpg,0.89,0.09,0.01
608,id_ipaerj0ehn.jpg,0.69,0.27,0.04
609,id_ipwqvv84dt.jpg,0.38,0.29,0.33
610,id_irm15i7xl5.jpg,0.91,0.08,0.01
611,id_irv1v3m76m.jpg,0.34,0.65,0.01
612,id_iryz97ll9y.jpg,0.72,0.1,0.18
613,id_isyh6ku6sl.jpg,0.4,0.34,0.27
614,id_it0rzf0hgx.jpg,0.0,0.93,0.07
615,id_it6sxlhgr4.jpg,0.11,0.42,0.47
616,id_itzrgxgyio.jpg,1.0,0.0,0.0
617,id_ivjhsm7cz3.jpg,0.95,0.04,0.0
618,id_iwh76wfcek.jpg,0.2,0.78,0.02
619,id_iwvfcymq9k.jpg,0.23,0.43,0.34
620,id_ixohx0x7fx.jpg,0.01,0.09,0.9
621,id_iz5cbv0k1r.jpg,1.0,0.0,0.0
622,id_j13u6s5efv.jpg,0.52,0.48,0.0
623,id_j24l5grdx8.jpg,0.74,0.13,0.13
624,id_j3568trarc.jpg,0.9,0.0,0.1
625,id_j770ua3qw3.jpg,0.32,0.21,0.47
626,id_j9vqx1xxjd.jpg,0.14,0.78,0.08
627,id_jat5ystlf4.jpg,0.92,0.08,0.0
628,id_jbo4bwxjyv.jpg,0.99,0.01,0.0
629,id_jc7x3u6jzq.jpg,0.96,0.01,0.02
630,id_jcld4apors.jpg,0.17,0.54,0.28
631,id_jdgto3xkkw.jpg,0.1,0.32,0.58
632,id_jf35ye8yyu.jpg,0.25,0.75,0.01
633,id_jg82ghmuqk.jpg,1.0,0.0,0.0
634,id_ji9d6406fm.jpg,1.0,0.0,0.0
635,id_jir9ukg4k6.jpg,0.19,0.78,0.03
636,id_jl0zs4392j.jpg,0.59,0.16,0.25
637,id_jmug08j2dx.jpg,0.38,0.03,0.59
638,id_joluroir8v.jpg,0.07,0.85,0.08
639,id_jpzdade8hn.jpg,1.0,0.0,0.0
640,id_jq20cab2em.jpg,0.97,0.0,0.03
641,id_jt6ejdwsaa.jpg,0.99,0.01,0.0
642,id_jtfnfvf2qv.jpg,1.0,0.0,0.0
643,id_jtz76x52jp.jpg,0.88,0.03,0.09
644,id_jva140h7wl.jpg,0.95,0.03,0.01
645,id_jyt1do8d3r.jpg,0.97,0.02,0.02
646,id_jz5v7tbbo5.jpg,0.76,0.19,0.05
647,id_jzw08xfv6p.jpg,0.01,0.01,0.99
648,id_k06dsv2byl.jpg,0.99,0.01,0.0
649,id_k137xcbea9.jpg,0.6,0.18,0.22
650,id_k1647qf4se.jpg,0.0,0.0,1.0
651,id_k1ple8xw7k.jpg,0.52,0.13,0.35
652,id_k286pi6nmr.jpg,0.04,0.53,0.43
653,id_k4d4kbx7yh.jpg,0.98,0.02,0.0
654,id_k5akvyy5h9.jpg,0.16,0.04,0.8
655,id_k64822af5l.jpg,0.8,0.12,0.07
656,id_k67n77588b.jpg,0.97,0.02,0.01
657,id_k7eur6kpbx.jpg,0.41,0.06,0.53
658,id_k8jmmhh99t.jpg,1.0,0.0,0.0
659,id_k8knp8lm11.jpg,0.56,0.0,0.44
660,id_k8ldaf6iji.jpg,0.4,0.6,0.0
661,id_k9u4k0s7zw.jpg,0.06,0.59,0.35
662,id_kac6myb4rp.jpg,1.0,0.0,0.0
663,id_kagc4maon9.jpg,0.39,0.22,0.39
664,id_kcxpnf02ra.jpg,1.0,0.0,0.0
665,id_kd37zpjtqn.jpg,0.17,0.68,0.15
666,id_kddeefsm3e.jpg,0.04,0.94,0.02
667,id_kdnmofmnkg.jpg,1.0,0.0,0.0
668,id_kegjaspgx8.jpg,0.05,0.88,0.07
669,id_keiqprscwm.jpg,0.98,0.01,0.01
670,id_kez0xk5n6x.jpg,0.21,0.78,0.01
671,id_kg4zhrp0l8.jpg,0.97,0.01,0.02
672,id_kgmhntdh16.jpg,0.74,0.25,0.01
673,id_khqae1m4o6.jpg,0.82,0.0,0.18
674,id_kidt6ecu2q.jpg,0.8,0.02,0.17
675,id_kj5t8u1bo4.jpg,0.25,0.68,0.07
676,id_kj9trdlawq.jpg,0.07,0.0,0.93
677,id_kjjjs4s0wb.jpg,0.46,0.11,0.43
678,id_kkhk81dpbq.jpg,0.02,0.51,0.47
679,id_kkr3bzscyw.jpg,0.85,0.14,0.01
680,id_klh92u4wji.jpg,0.71,0.28,0.0
681,id_kn9xftvrnn.jpg,0.99,0.0,0.01
682,id_knzf9k8t6z.jpg,1.0,0.0,0.0
683,id_kor62boy63.jpg,1.0,0.0,0.0
684,id_kp1oc62sv6.jpg,0.99,0.01,0.0
685,id_kphfc1xvjm.jpg,0.18,0.3,0.52
686,id_kps04br8xx.jpg,0.09,0.01,0.9
687,id_kr4micn1pa.jpg,0.88,0.04,0.08
688,id_krdrytjgoq.jpg,0.07,0.51,0.42
689,id_ksr4ggwh8f.jpg,0.16,0.27,0.57
690,id_ktg97eo3b7.jpg,0.42,0.19,0.39
691,id_ktifutackp.jpg,0.9,0.06,0.04
692,id_ku16t864ke.jpg,0.96,0.04,0.0
693,id_kuk3hptm3d.jpg,0.61,0.18,0.2
694,id_kw3e0h0qo0.jpg,0.04,0.41,0.55
695,id_kw5a95jiyw.jpg,0.99,0.01,0.01
696,id_kwevugay3c.jpg,0.2,0.69,0.11
697,id_l0wsj10x2s.jpg,0.01,0.65,0.34
698,id_l2cgrkhmzl.jpg,0.39,0.28,0.33
699,id_l2wjciy2k9.jpg,0.85,0.11,0.04
700,id_l3j0xm05w3.jpg,0.16,0.24,0.6
701,id_l613kk54tv.jpg,0.74,0.25,0.01
702,id_l65bow7k1p.jpg,0.86,0.0,0.14
703,id_l70nmhf28x.jpg,0.17,0.28,0.56
704,id_l84qvfs79z.jpg,0.9,0.04,0.06
705,id_l8cdsmu0pd.jpg,0.98,0.0,0.02
706,id_lapii0xyip.jpg,0.21,0.79,0.0
707,id_lbjlqtfqnu.jpg,0.66,0.16,0.18
708,id_lbqdy2fu1g.jpg,0.8,0.2,0.0
709,id_lc3j081r9f.jpg,1.0,0.0,0.0
710,id_lchpusu9hv.jpg,0.03,0.95,0.02
711,id_ld9azbrkn0.jpg,0.56,0.42,0.02
712,id_le0b7a02hg.jpg,0.98,0.01,0.01
713,id_lfz4f0u3hl.jpg,1.0,0.0,0.0
714,id_lh6c61f5cd.jpg,0.94,0.01,0.04
715,id_lhb8r8cqll.jpg,0.41,0.06,0.53
716,id_lmj087tm0f.jpg,0.68,0.17,0.15
717,id_lmxozg8vh1.jpg,0.25,0.75,0.01
718,id_ln1lgvlclh.jpg,0.49,0.02,0.5
719,id_lox3edb73y.jpg,0.91,0.06,0.03
720,id_lpf5rf5cef.jpg,1.0,0.0,0.0
721,id_lr01knxejc.jpg,0.99,0.01,0.0
722,id_lre8xfj5a5.jpg,0.27,0.55,0.18
723,id_lupvfru1s3.jpg,0.84,0.0,0.16
724,id_lvihm9ksl3.jpg,1.0,0.0,0.0
725,id_lvnaamsyes.jpg,0.18,0.11,0.71
726,id_lvu5creqox.jpg,0.96,0.04,0.0
727,id_lx3fzn27ya.jpg,0.99,0.0,0.01
728,id_lyzus2duc9.jpg,0.61,0.18,0.21
729,id_m08l0bla1p.jpg,0.54,0.01,0.45
730,id_m0btlwtdyj.jpg,0.09,0.71,0.2
731,id_m13laeeafg.jpg,0.46,0.44,0.1
732,id_m1kfohhpam.jpg,0.9,0.09,0.01
733,id_m3dj7pcsfm.jpg,0.72,0.08,0.2
734,id_m4jaqnvn4e.jpg,0.18,0.5,0.32
735,id_m6zfhhia8f.jpg,0.05,0.38,0.57
736,id_m7symjqnxf.jpg,0.02,0.02,0.96
737,id_m9iq8hfhmn.jpg,1.0,0.0,0.0
738,id_madejx2dsj.jpg,0.88,0.08,0.04
739,id_mcfzxboyyi.jpg,0.35,0.36,0.29
740,id_meaye9157o.jpg,0.36,0.06,0.58
741,id_mi7nha96fs.jpg,0.92,0.07,0.01
742,id_miqvo2w7sn.jpg,0.37,0.56,0.07
743,id_mjhv8d9dvy.jpg,0.04,0.96,0.0
744,id_ml4dl8w166.jpg,0.8,0.05,0.15
745,id_ml6n0ko1v7.jpg,0.67,0.26,0.08
746,id_mmi9s5q2mv.jpg,1.0,0.0,0.0
747,id_mo3bdi0ypm.jpg,0.99,0.0,0.01
748,id_mokkj027bd.jpg,0.15,0.63,0.22
749,id_mor6m75cmr.jpg,1.0,0.0,0.0
750,id_mpcuoyvsqq.jpg,0.92,0.07,0.01
751,id_mq9704t67z.jpg,0.93,0.02,0.05
752,id_mqnbanp0gs.jpg,0.02,0.97,0.01
753,id_mqz6zwqb19.jpg,0.03,0.02,0.95
754,id_mrjmlw7bim.jpg,0.51,0.0,0.49
755,id_mruj8kcxvq.jpg,0.81,0.16,0.03
756,id_msy5wmjs0c.jpg,0.9,0.01,0.09
757,id_mtvik21wb4.jpg,0.07,0.91,0.03
758,id_muy3sik0t3.jpg,1.0,0.0,0.0
759,id_mwtb56vqrl.jpg,0.02,0.04,0.93
760,id_myal68lj94.jpg,0.58,0.31,0.11
761,id_n0x5st1b03.jpg,0.54,0.44,0.02
762,id_n3eoeebe44.jpg,0.88,0.06,0.06
763,id_n4o5bhml2e.jpg,0.19,0.31,0.51
764,id_n92kd0fyhy.jpg,0.12,0.34,0.54
765,id_na7j7fjjo2.jpg,0.3,0.6,0.1
766,id_ne6li8rhp1.jpg,0.4,0.49,0.11
767,id_nemier4hyh.jpg,0.09,0.91,0.0
768,id_nf4i1zkwzw.jpg,0.22,0.62,0.17
769,id_nk0q1tl98l.jpg,0.05,0.47,0.48
770,id_nk1if6d55n.jpg,0.93,0.02,0.05
771,id_nklzok5d8k.jpg,0.99,0.01,0.0
772,id_nn1llkv5gv.jpg,0.06,0.67,0.27
773,id_nnufk51f82.jpg,0.15,0.47,0.38
774,id_nodua32bev.jpg,0.25,0.58,0.17
775,id_noq73td865.jpg,0.97,0.03,0.0
776,id_np3eck4ztu.jpg,0.28,0.21,0.51
777,id_npob4lecs8.jpg,0.43,0.23,0.34
778,id_nq7a83plut.jpg,1.0,0.0,0.0
779,id_nr0y6saehj.jpg,0.4,0.17,0.43
780,id_nr3m89kokp.jpg,0.0,0.74,0.25
781,id_nr47vmf0y6.jpg,1.0,0.0,0.0
782,id_nradve23p3.jpg,0.42,0.05,0.53
783,id_nrhzrkxu90.jpg,0.71,0.12,0.17
784,id_ns1z8jq194.jpg,0.53,0.11,0.36
785,id_ns220uzcsi.jpg,0.91,0.02,0.08
786,id_ntps3uhxsl.jpg,0.0,0.22,0.78
787,id_nvepupqkuu.jpg,0.88,0.04,0.09
788,id_nx75sns47n.jpg,0.99,0.0,0.01
789,id_nxyktb0riq.jpg,0.99,0.0,0.0
790,id_o02okrgkei.jpg,0.83,0.03,0.14
791,id_o40xq2l8vb.jpg,0.87,0.11,0.02
792,id_o6brmp5kkp.jpg,0.01,0.18,0.81
793,id_o7xwecuwbg.jpg,0.97,0.01,0.02
794,id_o92bfuokl9.jpg,0.66,0.26,0.08
795,id_oait28jynd.jpg,1.0,0.0,0.0
796,id_oarwlp7sl8.jpg,0.74,0.02,0.24
797,id_ob08w0ebm1.jpg,0.15,0.82,0.02
798,id_ob71w2bnop.jpg,0.62,0.37,0.01
799,id_obzycw4cg5.jpg,0.09,0.57,0.33
800,id_ogbefjp72r.jpg,0.17,0.3,0.53
801,id_oh2que39wy.jpg,1.0,0.0,0.0
802,id_oh94ko477a.jpg,0.04,0.78,0.18
803,id_ohz8x56i79.jpg,0.98,0.0,0.02
804,id_oli1uj1las.jpg,0.0,0.99,0.01
805,id_om3a8xve6l.jpg,0.05,0.85,0.1
806,id_om7ytfcpls.jpg,0.03,0.95,0.02
807,id_oo1mx5ymtk.jpg,0.35,0.64,0.01
808,id_oohww1e3aa.jpg,0.93,0.07,0.0
809,id_or2qbpuujw.jpg,0.05,0.22,0.73
810,id_or8godvlwx.jpg,0.15,0.83,0.02
811,id_ou8pq1hzwd.jpg,0.67,0.26,0.07
812,id_ouq03n3opt.jpg,0.8,0.02,0.19
813,id_oxcs1wnblk.jpg,0.3,0.57,0.13
814,id_oxz95d1qnm.jpg,1.0,0.0,0.0
815,id_oyytkl3oa0.jpg,0.94,0.03,0.03
816,id_ozjffwap45.jpg,0.52,0.45,0.03
817,id_p13pqhe04f.jpg,0.94,0.01,0.05
818,id_p3bpzqhhit.jpg,0.98,0.02,0.0
819,id_p47lz1d5up.jpg,0.93,0.0,0.07
820,id_p6y4n6vn5e.jpg,0.21,0.73,0.06
821,id_p7z5t8nr7f.jpg,0.03,0.18,0.79
822,id_p974tike4b.jpg,0.95,0.04,0.01
823,id_pck11u93dn.jpg,0.94,0.05,0.01
824,id_pdmpgo51zf.jpg,0.92,0.08,0.01
825,id_phv3e7s9vd.jpg,0.83,0.07,0.11
826,id_phxagy4y6s.jpg,0.8,0.02,0.18
827,id_pife8wip0b.jpg,0.19,0.22,0.6
828,id_pn7y6g0hjp.jpg,0.14,0.15,0.7
829,id_pntkpy57se.jpg,0.03,0.95,0.02
830,id_pp24w882ur.jpg,0.03,0.61,0.37
831,id_ppdr0gmt9d.jpg,0.05,0.21,0.74
832,id_pqj40ezo84.jpg,0.51,0.47,0.02
833,id_psaye5bbmy.jpg,0.06,0.51,0.43
834,id_puhujcukah.jpg,0.0,0.89,0.11
835,id_pwgy33mr4b.jpg,0.01,0.99,0.0
836,id_pwn5e9e1p7.jpg,0.09,0.09,0.81
837,id_pwpzosfvbm.jpg,0.67,0.31,0.02
838,id_px5m0awyjx.jpg,1.0,0.0,0.0
839,id_pyhcdjz8o8.jpg,0.62,0.37,0.01
840,id_pyjq5r512g.jpg,0.85,0.15,0.0
841,id_pzrm28n2bq.jpg,0.61,0.39,0.01
842,id_q1rjf8ygj8.jpg,0.0,1.0,0.0
843,id_q2517ryv7t.jpg,0.48,0.27,0.25
844,id_q32ayk5adl.jpg,0.1,0.49,0.41
845,id_q3wdq35cv5.jpg,0.95,0.02,0.04
846,id_q6g4z619ff.jpg,0.95,0.04,0.0
847,id_q7dsadfkfp.jpg,0.42,0.54,0.04
848,id_q8b3e1az0w.jpg,1.0,0.0,0.0
849,id_qalbod24ns.jpg,0.01,0.86,0.13
850,id_qbwv3fl351.jpg,0.34,0.25,0.41
851,id_qcbd33fhkd.jpg,0.97,0.02,0.0
852,id_qdw44akx59.jpg,0.11,0.58,0.31
853,id_qdylk3rwsi.jpg,1.0,0.0,0.0
854,id_qdzqcr85sb.jpg,0.91,0.07,0.02
855,id_qetwm61xjq.jpg,0.11,0.87,0.02
856,id_qh7mb43ea4.jpg,0.03,0.58,0.39
857,id_qhwsn5sjky.jpg,0.28,0.55,0.17
858,id_qjvehdunvp.jpg,0.03,0.94,0.03
859,id_qm0yihlx8r.jpg,0.67,0.02,0.31
860,id_qmoz3pj1ki.jpg,0.53,0.47,0.0
861,id_qo5q3bzxum.jpg,1.0,0.0,0.0
862,id_qp60rugwpz.jpg,0.85,0.01,0.15
863,id_qphv1wsryg.jpg,0.66,0.33,0.01
864,id_qqtf2q8hqu.jpg,0.09,0.88,0.03
865,id_qspez4tmne.jpg,0.86,0.0,0.14
866,id_quhj73jw7i.jpg,0.94,0.05,0.01
867,id_qv31emc1k3.jpg,0.98,0.02,0.0
868,id_qw8eivp436.jpg,1.0,0.0,0.0
869,id_qx0p7xr36g.jpg,0.13,0.74,0.13
870,id_qy87hrslg6.jpg,0.33,0.08,0.6
871,id_r0gcaflg0r.jpg,0.0,0.0,1.0
872,id_r0oxjlww33.jpg,0.86,0.11,0.03
873,id_r1c568gyb7.jpg,0.02,0.97,0.0
874,id_r2qh78jyob.jpg,0.44,0.01,0.55
875,id_r50fyfnzqh.jpg,0.06,0.8,0.14
876,id_r5s3cn4iuq.jpg,0.09,0.64,0.27
877,id_r84o75bud7.jpg,0.28,0.45,0.27
878,id_rb445eugon.jpg,0.47,0.49,0.03
879,id_rcx2w5a6g9.jpg,0.47,0.47,0.06
880,id_reekwcctmj.jpg,0.78,0.2,0.01
881,id_rfy3r8jhtk.jpg,1.0,0.0,0.0
882,id_rgl13ss505.jpg,0.02,0.41,0.57
883,id_rh42otmp8x.jpg,0.97,0.0,0.02
884,id_rhwaelt77b.jpg,0.23,0.49,0.28
885,id_rhxyv62mdq.jpg,0.23,0.09,0.67
886,id_rj02n63kp6.jpg,0.28,0.65,0.07
887,id_rj4wx2zzhp.jpg,0.73,0.19,0.08
888,id_rjb0m0kzrs.jpg,0.01,0.98,0.01
889,id_rlmqwptg69.jpg,0.98,0.02,0.0
890,id_rlp1zc40tf.jpg,0.91,0.08,0.02
891,id_rlryrjw5qt.jpg,0.84,0.0,0.15
892,id_rnwysctm75.jpg,0.53,0.46,0.01
893,id_rqd5qo1lpz.jpg,0.01,0.92,0.08
894,id_rr09z2xvu4.jpg,0.89,0.04,0.07
895,id_rr8c6flpv1.jpg,0.78,0.16,0.06
896,id_rrbk30r6kh.jpg,0.0,0.01,0.98
897,id_rsgpp32hk6.jpg,0.1,0.88,0.01
898,id_rswpjbk5ea.jpg,0.21,0.67,0.12
899,id_rycjvmjn4k.jpg,0.97,0.03,0.0
900,id_rykyhtg5c3.jpg,0.26,0.26,0.48
901,id_rzwjplxtyh.jpg,0.04,0.92,0.03
902,id_s0wikiu8hn.jpg,0.85,0.0,0.15
903,id_s1av7tc3vw.jpg,0.75,0.18,0.07
904,id_s1ddf6gcj2.jpg,1.0,0.0,0.0
905,id_s4sboy3ozh.jpg,1.0,0.0,0.0
906,id_s7wudr4fcb.jpg,0.97,0.01,0.02
907,id_s8tnbtoqjb.jpg,0.74,0.08,0.18
908,id_s8vc8sbsz5.jpg,1.0,0.0,0.0
909,id_s8zflbhuvf.jpg,0.34,0.57,0.08
910,id_s9ewsbgwuh.jpg,0.05,0.67,0.28
911,id_s9fqnvn2m4.jpg,0.34,0.66,0.0
912,id_s9udrx90dy.jpg,0.97,0.03,0.0
913,id_sa5m7o3raa.jpg,0.69,0.31,0.01
914,id_sbwyxqj41t.jpg,0.32,0.16,0.52
915,id_sd3gb6ksxl.jpg,0.97,0.0,0.03
916,id_sdbv9gvvrf.jpg,0.85,0.15,0.0
917,id_se3unvvegw.jpg,0.96,0.0,0.03
918,id_sec433h1se.jpg,0.0,0.89,0.11
919,id_sfr6b6w9ys.jpg,0.99,0.0,0.01
920,id_sfswc1ko1g.jpg,0.21,0.34,0.44
921,id_sj80vdw1bu.jpg,0.68,0.28,0.04
922,id_sjbllalhq7.jpg,0.63,0.37,0.0
923,id_snoz9zpjyt.jpg,0.98,0.0,0.02
924,id_snuttkxu9g.jpg,0.9,0.07,0.03
925,id_sogq5cgbut.jpg,0.14,0.08,0.78
926,id_soncg0jffg.jpg,0.99,0.0,0.0
927,id_spsdfjdex9.jpg,0.96,0.01,0.03
928,id_sqnzvsbune.jpg,0.77,0.23,0.0
929,id_ssg6xiptba.jpg,0.86,0.01,0.12
930,id_ste0oewz55.jpg,0.01,0.99,0.01
931,id_sthbo5zefn.jpg,0.23,0.5,0.27
932,id_stwwzttsfk.jpg,0.97,0.03,0.0
933,id_suwetdb7vd.jpg,0.46,0.42,0.13
934,id_swfnvjpg9v.jpg,0.23,0.76,0.02
935,id_szhbo0igbe.jpg,0.09,0.87,0.03
936,id_szljg89lq9.jpg,0.83,0.17,0.0
937,id_t19dc030qz.jpg,0.04,0.94,0.01
938,id_t37u1133mm.jpg,0.68,0.07,0.25
939,id_t3ejwleejy.jpg,0.37,0.52,0.11
940,id_t6s3igq9fc.jpg,0.95,0.05,0.0
941,id_t7nfloqibb.jpg,0.21,0.22,0.56
942,id_t8bkohpg52.jpg,0.25,0.4,0.36
943,id_tbra58cfuq.jpg,1.0,0.0,0.0
944,id_tcyupvg1y4.jpg,0.92,0.0,0.08
945,id_tdnddlz0tm.jpg,0.15,0.83,0.02
946,id_tdxkzfymw1.jpg,0.71,0.21,0.07
947,id_tdzc8ybddv.jpg,0.96,0.0,0.04
948,id_tf63upea5a.jpg,0.38,0.0,0.62
949,id_tfkf8byes4.jpg,0.93,0.04,0.03
950,id_tghs8neuez.jpg,0.6,0.1,0.3
951,id_tgp7vxu3a8.jpg,0.05,0.93,0.02
952,id_tgy35ev719.jpg,0.2,0.61,0.19
953,id_thxs2qqpqg.jpg,0.44,0.28,0.28
954,id_tilxme6mos.jpg,0.99,0.0,0.0
955,id_tk5oepc6vw.jpg,0.1,0.39,0.51
956,id_tmn0kr41se.jpg,0.82,0.1,0.08
957,id_tnpvn0t60n.jpg,0.07,0.92,0.01
958,id_toiig8o6nt.jpg,0.05,0.38,0.57
959,id_top4rdz7ty.jpg,0.43,0.47,0.1
960,id_tpxmv75riv.jpg,0.13,0.44,0.44
961,id_tqrg299dxv.jpg,0.88,0.06,0.07
962,id_trwdowxes3.jpg,0.98,0.01,0.01
963,id_tsfwbky6s3.jpg,0.89,0.11,0.0
964,id_tt9qlvvcji.jpg,0.33,0.44,0.23
965,id_ttp4tztiek.jpg,0.89,0.04,0.07
966,id_ttp67r9gl6.jpg,0.54,0.08,0.39
967,id_tuwlieph08.jpg,0.99,0.01,0.0
968,id_tv168ghvxd.jpg,0.99,0.0,0.0
969,id_tvd1vr9c6c.jpg,0.55,0.17,0.28
970,id_tzgwvdjh8y.jpg,0.02,0.1,0.88
971,id_u0ubc6531p.jpg,0.98,0.01,0.01
972,id_u18q7ctpk3.jpg,0.89,0.08,0.03
973,id_u3ato7u1z2.jpg,0.41,0.27,0.33
974,id_u3nu82b2w0.jpg,0.09,0.48,0.43
975,id_u6g8xhcq4v.jpg,1.0,0.0,0.0
976,id_u822p5sq8b.jpg,0.62,0.18,0.2
977,id_ua9fx7k3g7.jpg,0.84,0.06,0.1
978,id_uddlkgvn23.jpg,0.91,0.09,0.0
979,id_ue490hfcyv.jpg,0.04,0.87,0.09
980,id_ueo95s7inb.jpg,0.03,0.89,0.08
981,id_ufcorwsgqd.jpg,0.54,0.44,0.02
982,id_ui6swc82vn.jpg,0.06,0.02,0.92
983,id_ujskwrw6bg.jpg,0.25,0.75,0.0
984,id_ukl71eqd1n.jpg,0.81,0.13,0.06
985,id_ukub3q9emc.jpg,0.84,0.03,0.13
986,id_ulyj9e7m79.jpg,0.51,0.17,0.32
987,id_ulzk4p835t.jpg,0.85,0.13,0.01
988,id_uompu9rj03.jpg,0.02,0.04,0.94
989,id_uq1acn82ek.jpg,0.26,0.73,0.01
990,id_urk774ut2a.jpg,0.12,0.15,0.73
991,id_uutzgouzed.jpg,1.0,0.0,0.0
992,id_uwg9j6d6u5.jpg,0.38,0.62,0.01
993,id_uxutpxc599.jpg,0.95,0.04,0.0
994,id_uxvq5xwulb.jpg,0.94,0.05,0.01
995,id_uy2i5sgmo1.jpg,0.41,0.37,0.22
996,id_v016283wjn.jpg,0.05,0.12,0.83
997,id_v1hlmorp50.jpg,0.92,0.07,0.0
998,id_v2at6dlgst.jpg,0.09,0.91,0.01
999,id_v3gknb05v8.jpg,0.35,0.24,0.41
1000,id_v3rklm0vbg.jpg,0.72,0.24,0.04
1001,id_v7nbqrhggw.jpg,0.27,0.42,0.3
1002,id_v8grwbidcc.jpg,0.37,0.63,0.0
1003,id_v919v66exa.jpg,0.09,0.02,0.89
1004,id_v93k3mjxfz.jpg,1.0,0.0,0.0
1005,id_vautp73pum.jpg,0.25,0.23,0.52
1006,id_vawh0j78pi.jpg,0.6,0.35,0.05
1007,id_venjjlvsdb.jpg,0.54,0.26,0.21
1008,id_vilw006woa.jpg,0.96,0.0,0.04
1009,id_vk3bsqnian.jpg,0.93,0.0,0.07
1010,id_vm95trmrym.jpg,1.0,0.0,0.0
1011,id_vnp8h2ahwz.jpg,0.04,0.83,0.13
1012,id_vnr96k4otc.jpg,0.52,0.1,0.38
1013,id_vqkscphy17.jpg,0.94,0.02,0.04
1014,id_vs50x01pnn.jpg,0.91,0.03,0.07
1015,id_vtclbp2q6p.jpg,0.73,0.13,0.14
1016,id_vud88to52u.jpg,0.02,0.97,0.01
1017,id_vunngzaao0.jpg,1.0,0.0,0.0
1018,id_vwi9qf83z5.jpg,0.95,0.0,0.05
1019,id_vybvadxbeg.jpg,0.95,0.03,0.01
1020,id_vyimjd8ozt.jpg,0.98,0.01,0.0
1021,id_w0qxihth93.jpg,0.13,0.86,0.02
1022,id_w0yjhohz11.jpg,0.36,0.59,0.05
1023,id_w1ej4cs5x4.jpg,0.02,0.83,0.15
1024,id_w2504mxdan.jpg,0.07,0.92,0.0
1025,id_w2yvcm69k8.jpg,0.02,0.02,0.96
1026,id_w3jdvmb9ng.jpg,0.52,0.06,0.42
1027,id_w3xc9815j2.jpg,1.0,0.0,0.0
1028,id_w5bhneyqo7.jpg,0.01,0.4,0.6
1029,id_w6jwojzr9v.jpg,0.01,0.42,0.57
1030,id_w763tns6e6.jpg,0.17,0.72,0.11
1031,id_w86ku2lcm4.jpg,1.0,0.0,0.0
1032,id_w8p5399l7w.jpg,0.01,0.01,0.97
1033,id_w99do194z1.jpg,0.55,0.25,0.19
1034,id_w9fm3x1my6.jpg,1.0,0.0,0.0
1035,id_w9yf7sq9e9.jpg,0.17,0.67,0.17
1036,id_wa5en4qhoh.jpg,0.06,0.93,0.01
1037,id_wb1cl3irf7.jpg,0.37,0.57,0.05
1038,id_we9o2buksi.jpg,0.67,0.07,0.26
1039,id_wfa94ie2du.jpg,0.01,0.88,0.11
1040,id_wgak7atnj8.jpg,0.9,0.09,0.0
1041,id_wgv3zrcwav.jpg,0.1,0.0,0.9
1042,id_whbk4vq0xf.jpg,0.92,0.03,0.05
1043,id_whhw9gbfeb.jpg,0.11,0.84,0.04
1044,id_wi9dejk0b9.jpg,0.48,0.51,0.01
1045,id_wlgd8c7s3z.jpg,0.22,0.11,0.67
1046,id_wmx7rlrxg0.jpg,0.77,0.19,0.05
1047,id_wn1325oc1y.jpg,0.21,0.73,0.06
1048,id_wnlql3t1c1.jpg,0.67,0.0,0.33
1049,id_wq18wcp81e.jpg,0.99,0.01,0.0
1050,id_wquw3q3p2z.jpg,0.44,0.56,0.0
1051,id_wqwoxsohdv.jpg,0.19,0.09,0.72
1052,id_wrukk3s51z.jpg,0.35,0.43,0.21
1053,id_wrw6kgxh4a.jpg,0.97,0.02,0.0
1054,id_wsh7t9dxnf.jpg,0.06,0.82,0.12
1055,id_wu6jtop7y1.jpg,0.23,0.59,0.17
1056,id_wvb9f6jqxp.jpg,0.38,0.27,0.34
1057,id_wwo1nsomhj.jpg,0.99,0.0,0.01
1058,id_wwtgdf0p1l.jpg,0.97,0.01,0.03
1059,id_wxo66wf3gm.jpg,0.82,0.18,0.0
1060,id_wyunn3afu3.jpg,0.22,0.76,0.02
1061,id_wywe3z64s3.jpg,0.93,0.02,0.05
1062,id_wz36qs2v2y.jpg,0.38,0.27,0.35
1063,id_wz8mbn9sng.jpg,0.03,0.07,0.9
1064,id_x001eogutw.jpg,1.0,0.0,0.0
1065,id_x0nnigif79.jpg,0.06,0.92,0.02
1066,id_x68mjo4xbl.jpg,0.28,0.59,0.13
1067,id_x791d7hjde.jpg,0.12,0.88,0.0
1068,id_x8841bs8mo.jpg,0.25,0.71,0.04
1069,id_x8c5blrien.jpg,0.13,0.87,0.0
1070,id_x92bjv4m7a.jpg,1.0,0.0,0.0
1071,id_x9fw0j3iqa.jpg,0.24,0.19,0.57
1072,id_xajwlvf7tw.jpg,0.52,0.39,0.09
1073,id_xal0mklwc3.jpg,0.01,0.19,0.8
1074,id_xb7bivle83.jpg,0.59,0.2,0.22
1075,id_xbi5xa8pl7.jpg,0.94,0.01,0.06
1076,id_xbpu7rwpog.jpg,0.97,0.01,0.02
1077,id_xedjynm8sh.jpg,0.03,0.0,0.97
1078,id_xeu58snvje.jpg,1.0,0.0,0.0
1079,id_xg82bhcs72.jpg,1.0,0.0,0.0
1080,id_xgqkcc5npp.jpg,0.27,0.59,0.14
1081,id_xi7r0lr3vt.jpg,0.04,0.0,0.96
1082,id_xiv6fmv4wm.jpg,0.77,0.08,0.15
1083,id_xj1s29redt.jpg,0.83,0.16,0.0
1084,id_xjbzes2q7b.jpg,1.0,0.0,0.0
1085,id_xl5adfkuw2.jpg,1.0,0.0,0.0
1086,id_xq8xbgid55.jpg,0.67,0.3,0.03
1087,id_xr40o03eho.jpg,0.12,0.57,0.31
1088,id_xr9avpzwjz.jpg,1.0,0.0,0.0
1089,id_xrer1k8ota.jpg,0.97,0.03,0.0
1090,id_xs96ksjv7k.jpg,0.23,0.77,0.0
1091,id_xsaeioml0k.jpg,0.84,0.08,0.08
1092,id_xsdosw4f63.jpg,0.7,0.23,0.07
1093,id_xuhsdgid5q.jpg,0.09,0.69,0.21
1094,id_xuygfg2sp3.jpg,1.0,0.0,0.0
1095,id_xy6orpo8zf.jpg,1.0,0.0,0.0
1096,id_y1o2x9smtx.jpg,0.98,0.02,0.0
1097,id_y25rtqtb7t.jpg,0.96,0.04,0.01
1098,id_y4yz1jk5r1.jpg,0.3,0.03,0.67
1099,id_y56i8gbqm7.jpg,0.14,0.2,0.65
1100,id_y5ukefbcps.jpg,0.03,0.94,0.02
1101,id_y75fvp3yr1.jpg,0.03,0.23,0.74
1102,id_y7mqirxdv8.jpg,0.92,0.06,0.02
1103,id_y82ho9id89.jpg,0.35,0.0,0.65
1104,id_y8rq551j3m.jpg,0.41,0.43,0.16
1105,id_yc5lf1k1ns.jpg,0.05,0.85,0.11
1106,id_yciny6gykn.jpg,1.0,0.0,0.0
1107,id_yfbqkw1ymg.jpg,0.34,0.43,0.23
1108,id_yfppsjq33j.jpg,0.9,0.09,0.01
1109,id_yhji67eb9c.jpg,0.24,0.67,0.09
1110,id_yies2kffo9.jpg,0.04,0.96,0.0
1111,id_yijkuvg4c6.jpg,0.17,0.16,0.67
1112,id_yjme0wt3ne.jpg,0.39,0.15,0.47
1113,id_ykwjcm7qqr.jpg,0.7,0.25,0.05
1114,id_yl7mb6baap.jpg,0.46,0.46,0.08
1115,id_yl85vi7fal.jpg,0.0,0.19,0.8
1116,id_ym9mzaewzx.jpg,0.97,0.01,0.03
1117,id_ymd931nw1w.jpg,0.38,0.59,0.03
1118,id_yny73gm4c4.jpg,0.82,0.07,0.11
1119,id_yo4h7crinn.jpg,0.03,0.75,0.23
1120,id_ys8pl8iwuj.jpg,0.98,0.01,0.01
1121,id_ysjhxc0kpv.jpg,0.84,0.15,0.01
1122,id_ytwkt162q6.jpg,0.34,0.64,0.02
1123,id_yuo2xlbzs9.jpg,0.55,0.02,0.43
1124,id_yz8m2zc7mn.jpg,0.65,0.32,0.03
1125,id_z0di3urhd3.jpg,0.21,0.55,0.23
1126,id_z405c8vwbs.jpg,0.94,0.06,0.0
1127,id_z4ra6bl1u5.jpg,0.88,0.11,0.01
1128,id_z9o3yg7icv.jpg,0.0,0.01,0.99
1129,id_z9vpagzd8d.jpg,0.13,0.05,0.82
1130,id_ze7kusje5k.jpg,0.51,0.02,0.46
1131,id_zezswf7mgc.jpg,1.0,0.0,0.0
1132,id_zf23xyc4tp.jpg,0.32,0.54,0.14
1133,id_zirhmvpnxr.jpg,0.36,0.51,0.13
1134,id_zjttmksblf.jpg,0.05,0.95,0.0
1135,id_zlht6gd0y2.jpg,0.32,0.05,0.62
1136,id_zll75i7pth.jpg,0.86,0.12,0.02
1137,id_zot2kkt61p.jpg,0.8,0.12,0.07
1138,id_zppfrdno2o.jpg,0.32,0.6,0.08
1139,id_zqw38plmbv.jpg,0.76,0.13,0.11
1140,id_zrdlgjrq3r.jpg,0.01,0.99,0.0
1141,id_zsfayxwipp.jpg,0.05,0.88,0.07
1142,id_ztvp2l9k3h.jpg,0.19,0.05,0.76
1143,id_zwwcma7hlt.jpg,0.97,0.03,0.0
1144,id_zyo7m4fj8h.jpg,0.89,0.0,0.11
